<?xml version="1.0" encoding="UTF-8"?>
<!DOCTYPE mapper PUBLIC "-//mybatis.org//DTD Mapper 3.0//EN"
        "http://mybatis.org/dtd/mybatis-3-mapper.dtd">

<mapper namespace="com.alibaba.mapper.NewsMapper">

    <resultMap id="news" type="com.alibaba.bean.News">
        <id column="uid" property="uid"/>
        <result column="news_title"  property="newsTitle"/>
        <result column="news_content" property="newsContent"/>
        <result column="news_source" property="newsSource"/>
        <result column="create_time" property="createTime"/>
        <result column="news_del" property="newsDel"/>
    </resultMap>


    <select id="findNewsAll" resultMap="news">
        select * from news_table;
    </select>

</mapper>